8220@GiantRaiderKing: @nomaambundy92 fag8221 but Tony :(	1
@WHSVGrantCruise birds of a feather. You stand with PETA. I stand with sanity.	0
Woke up dis morning pockets filled with Xtra pros might slide thru double O tonight n bless the hoes! -- Peezy	1
@eGoTheIcoN those "trash" SnD stars would scrape ur team in SnD and most pro teams.	0
@longbongchris I don't see how ud get pussy when u yourself are a pussy.	1
Life is a bitch but every dog has its day	1
Ya'll take note. There ain't never tornadoes where colored folk live	0
There are 2 types of niggas in this world. Real niggas ... amp bitch niggas	1
@team_Darrion night jigaboo http://t.co/vxKCG4yGXF	0
@NataIiaxxx @ladygaga suck on my throbbing pussy	1
Los bitch taught me the true meaning of gravity when her panties kissed her ankles!	1
8220@WhatTheFFacts: An orangutan once tried to have sex with actress Julia Roberts.8221Smart monkey128514	1
Want to cry cause of the girls at La fitness ... Imma bitch	1
@JonahNRO No good options left indeed. This president makes Jimmy Carter look like a piker. So sad.	0
RT @joshuaxallen_: tbt Halloween 2011 a spoopy hoe and her pimp daddy http://t.co/oQVP80EGhx	1
Technically all the niggas that touched her raped her an when she see she trendin on this bitch she callin the cops lmao	1
@LexiLuckerSykes some white bitch on Facebook lol	1
@JennyTripleTit it's also a bird a city and a math theorem. I make no assumptions!	0
RT @_mikaylahh: I asked @zzachbarness to get me pink bunnies one time so he brought me yellow chicks...128048128149	0
This class ghetto as hell	1
RT @politico: Republican Rick Scott has been reelected FLGov defeating Democrat Charlie Crist. http://t.co/oeVMKOQH9S http://t.co/hi56c9N8230	0
Retweet to spam this faggot RT @ChickenColeman: Dick going 128070	1
BlessJesus The Crown of HIS head to the sole of HIS feet	0
RT @AdviceToWriters: A bird doesn't sing because it has an answer it sings because it has a song.MAYA ANGELOUpoetry writing	0
I honestly don't understand why men love to bash the women that make them feel good. "She sucked my dick soooo goood. She a ho!" -__-	1
@malachic1997 apparently this little pussy cant converse nevermind fight. Ive been blocked. Oh well youth gets frustrated easy.	1
RT @MaryWCVB: Charlie Baker about to make his final election eve campaign stop- here at Swampscott High School. wcvb wcvbpoli http://t.co8230	0
I've been sleeping with my mom for the past few weeks and I swear this bitch is having sex dreams or something always moaning in her sleep	1
They rude RT @Anointed_Mouf: I wish you bitches would stop calling while I'm trying to get dicked down by your nigga 128530	1
Sad that girls look up to Kim so much. Like damn she got famous from being a hoe and making sex tapes. We need to find better role models.	1
RT @49ant: down ass bitch RT @NewsBreaker: Aaron Hernandez's girlfriend lied to grand jury 29 times http://t.co/k6x3dUKhtf	1
RT @TattedPapiChulo: Females nowadays don't like to do anything freaky because you niggas gossip about it like bitches	1
Eagles fans will always be annoying faggots	1
Hunnit hoes in the house amp they all fckn Watch dog ass KB ball again. Ion see a bih cause they broke as hell 2 places ain goin Broke or jail	1
@T_FLYE you a hoe for that I'm rolling 128514128514128514128514128514	1
@blackrepublican how long after the name change will al memorabilia w/redskins name be deemed racist and therby illegal?	0
RT @fletchworld73: Pulled a dead bird from my garden. Grateful to be out of the hot sun it winked at me with its rotting eye socket.	0
@moneypulatief @globalriot Nee dat is na langdurig gepest worden.Zoals ik al zei:in d kiem smoren.Is ook vb voor t kind hoe je moet optreden	0
Get here! MT @NevadaPR: Sierra skiers @VirginiaCity offers a fun break from the slopes. Sweet deal: http://t.co/otJ5UxqbnaTravelNevada	0
Can this bitch already update 128530	1
why do little scrawny white boys play ghetto rap music while they walk around.	1
128514128514128514128514 128128128128 8220@LisforLex: No bitch go away 9995"@subnorbot1: @Tats_NSnapbacks @LisforLex @LisforLex tu puta madre @carlosnoodles"8221	1
RT @USABillOfRights: Psychological Warfare for Dhimmis -- DEFEATING ISLAMhttp://t.co/M8zlTY0fZsjoining forces to take out world's trash h8230	0
I be seein you bitches in the whip wit your boyfriend but he be lookin like your dad so I be eye ballin then here comes ole salty ass bf	1
The thinner the eyebrow the crazier the bitch	1
A shockingly true tale from the Oreo that almost got devoured. http://t.co/WYIS0LVdsi	0
I hate ghetto bitches with a passion..	1
RT @TyWahlbrink: @victoriakuhlman One day more until turkey it will nip me in the belly we'll be ready for the stuffing we will wet ours8230	0
@efethegoddess The shirt trash 128546 and I'm leaving your room a mess 128522	0
I hopes dis don't come as a severe shock to use but I'm colored	0
RT @Null_Hypothesiz: Omg you own a microwave!? Fancy bitch	1
Today's Spy Ops: (His soles need a cleaning lick lick. I bet this cuties sneaks smell good) http://t.co/c7Hj3DvNgp	0
Ol bitch ass look like she got a bobble head. @lilshwenda	1
yea so about @N_tel 's new friend.. all my friends kno they're only allowed one cute darkie friend n that's me! lol	0
Despite the zebra red rocket special portland beats those jersey shore floppers.	0
@freddurst shut up faggot no one cares	1
RT @JafricanFlow: This is so stupid 128514 RT @WestSideFlee: How you gone wife a bitch that let niggas lick on her head in public?	1
I'm just tryna get to sleep before the birds start getting rowdy.	0
RT @RussBrandon: Thanks to Mr Wilson for passing along this tremendous responsibility. My sole focus is to empower our leadership to bui ...	0
RT @DeLaIslaaa_: Get real  fucking fight or don't play me. I don't play with pussy ass niggas.	1
I asked the name of the bird ancient Egyptians used as the sun of god Heru (Horus).The Pheonix (firebird).	0
RT @Masteroshi_: MigosConcert was turnt af last night but @BobbyShmurdaGS9 shut that bitch down wit hotnigga frfr	1
RT @BlackJeezuss: When someone drops their trash mixtape in my Dms http://t.co/wkFJfjkNCi	0
Bengals kicker trash.	0
Deez hoes be actin up..	1
all my exes are bitches	1
128557128557 RT @KingHorseDick: Welp RT @ThePlasticPope The prettier bitch usually loses lol this Is science	1
And I'm out bout $50 .. These hoes be pimping me man 128514	1
RT @Leary_Alneze: it's all fun and games until I have to slap a bitch	1
@ColeMcDowell2 Waco is ghetto hahaha. Wait til we go pick up nat in Austin tomorrow	0
Want to go get this brownie I'm stuck doe.	0
I drive by and them bitches waive but girl I can't stop	1
RT @TeeeeRenee: bitches b tweeting everything they see to b Relavent 128514128514128514 its really sad 128563	1
RuinAComedian @midnight Charlie Lapdance	0
RT @SheeeRatchet: When you and your boys discover a hoe128514128514128514 https://t.co/QHoHalWQJ2	1
RT @ssbeirne: It's a bird! It's a plane! It's a boat! No...It's it's... a flying human? lakeerie cle http://t.co/TTL10nqBzJ	0
@Mightyy23 well I for damn sure ain't putting on no pussy ass romo jersey	1
RT @HowardRoper: If you don't like my tweets with my belief in Jesus Christ please respect it but don't mock it or make negative remarks8230	0
Niggas retarded lol	1
RT @eph4_15: Allen West amp The Slippery slope of Obama's constitutional contempt http://t.co/ropPmOtnbD PJNET CCOT	0
I'm 81 and I still eat animal crackers EMABiggestFans1D	0
@marcostc__ niggas be pressed 4 pussyit ain't nuthininstead of worrying who dat bitch fucking why don't u get chu sum money	1
@L0SERNIGGA @HotNiggaDarius all bitches all day all the time	1
Idiotic censorship drive by France President fails to understand that he's empowering Jihadis by censoring the internet wholesale fail	0
RT @hash_no_tags: bitches be handin' out neck like free chinese food samples at the mall and go to bed every night wondering why they ain't8230	1
@05235fd083ad408 hick yes	0
RT @FoodPornsx: Oreo ice cream. ~ http://t.co/thrkAobdVj	0
OHHgt whine whine whine says my faggot ass steroid CREAM FORGIVING Giantsgt Is busterposey takin' shot from barrybonds? Is that it?	1
RT @OGsmoky: @_100d I'm tryna smoke some dope in that bitch lol	1
RT @DamondDAWG: "Peek a boo bitch swag scare ya kids" RT @Now_Thats_Fresh: What's Tyga's worst bar? TygaBars"	1
@NYRKelsMads I gots to be bein colored and all	0
New show announced in Lutsen MN at Papa Charlies on January 29 2011 http://artistdata.com/a/33ck	0
Ain't nothing funnier then watching somebody live a complete different life on the internet I be like "who this hoe think she foolin"	1
8220@MalikHasanImani: @1Bcarter negro you wear a size 5...I'm in a 128221I'm at a 6 now still growing	1
@sandcowboy31 hey it's hillbilly jim and Greg the hammer valentine pffttt	0
"OVO" 8220@Allthingsfresh3: amp kendrick lamar still trash8221	0
You like those? Honestly they tasted like the sole of my shoes RT @rllllytired: @ItsNotHarold that's a shame.	0
Looks as if Federal Gun Laws to be proposed this week lack AWB. Hope the media and antigun crowd choke on crow.	0
RT @Comp10Tx: Rihanna really is trash	0
@collegefession you are a bitch!!!!	1
RT @missknf: If your pussy was a book  I'd read up on it	1
That mocha colored chick doegtgtgtgt think I fell in love128525128525128525	0
I'm surprised I'm still at school tbh I can be quite the retard at times. I'm either exceptional at a subject or absolute shiteee.	1
I aint no killa but dont push me revenge is the sweetest joy next to gettin pussy	1
If yo pussy good my "Pullout" game weak!!	1
RT @TheStrangeLog: Nerf the hell out of birds they no longer attack you at long range lower damage don8217t follow you forever.	0
Nigga payback's a bitch..!	1
Oh snap I'm just realizing this skinny tranny is Jared Leto. He's Wo unrecognizable with all that weight loss. Geez!!!	0
RT @linnyitssn: No teabaggers 9/11 is not about Benghazi it's about those planes and those towers. Stop watching Fox News.	0
Lmao RT @checkmyaura: 128514RT @__malik07: That's all it take ? Ima start lifting bitches up after the club too	1
RT @AwwAdorable: I want a pet monkey 128553128525 http://t.co/8wy8gDJIEJ	0
RT @TAXSTONE: These bitches self esteem built off likes and their principles built off Instagram memes	1
@seanphathaway That wasn't as bad though drawing conclusions about "WHITE AMERICA" based on a 1000 person poll is a slippery slope.	0
RT @uMadddt: Claw that ass! @CoreysTweetnAss: when u see that bitch who was talkin shit on twitter in public... http://t.co/yyQ2d6JujD	1
RT @ConsrvativeDiva: Must-Watch: Bill Maher Schools PBS Host Charlie Rose Over Islam's 'Illiberal Beliefs' http://t.co/5pq91jxOeV	0
pinto grigio dreams turned into moscato reality	0
RT @SportsCenter: BREAKING: Louisville coach Charlie Strong is expected to accept Texas job according to ESPN amp media reports 187 http://t.c8230	0
RT @AutyAut_: I hate when people say you can't befriend a hoe. How bitch how!?1. I'm only held accountable for my pussy.2. It's all about8230	1
@Andyheybro the distant chugs at the end of Dried Up... remain to be some of the most perfectly heavy guitars ever recorded.	0
Damn I think your redskins lost @KxRxSxB	0
@KodyMark1 go Yankees	0
My bitch 128540 http://t.co/2v4VsPamrU	1
8220@_ajoyaaa: Victor amp shawn legs don't hurt? They jigg every damn night 1285308221128514128514128514	1
@GabrielaAngela4 @StephyRae7 Gabby why are you so ghetto?	1
Kill't dat bitch 8220@SimonSamuels: Shmoney Bitch @SimonSamuels @DevonTracy @thatwayimove https://t.co/lNQdazIjJk8221	1
Man if that bitch dont call me back for the job cuhh uma be snapping.	1
@wodaeeex3 it didnt open das y i asked cus i thought yu ate wat i had Pork chops yellow rice n beans	0
Thats fucked up give him some pussy RT "@xomaryjeanxo: Woke up with sex on my mind I should just play with (cont) http://t.co/GYYeayZrjy	1
@Lvl_7_Eevee @UnicornCowboy @hisorraya I just wanted brownies man	0
RT @EMAdair225: Illegals bringing diseases across border. Contagious patients separated from others by yellow tape... pregnant teens http:/8230	0
Hey! I'm gonna get some sort of bird tattooed on my body accompanied with an anchor/rope situation. No one's doing that right now right?	0
@MSoltan18 @KoredeB9 I don't suck tho you're just mad because you're trash and I carried you. you always had 0 points	0
@JustDoItSlow 128530FOREVER 21 hoes	0
@Threehoez rip plate brownies large tea fries beans potato salad poboy	0
RT @77StephanieG77: A portable septic tank. For allllll those pesky feelings.	0
@uk3ba Just learn d dance nuh cuz u know after carnival we like to pick up months old yardie ting LOL	0
Because I'd rather wear my hair long and have piercings I'm a faggot that will never go anywhere in life.	1
It's hard getting a bitch from the hood to suck your dick on camera.She swear EVERYBODY knows her....And she hates the light.	1
I hate when bitches get lame 128078	1
RT @WORIDSTARHlPHOP: If a Nigga try to slide in my bitch DMs.. http://t.co/Mr2FjYUgTn	1
RT @samknight1: @EliLake @saletan @JeffreyGoldberg Yeah I know it's Jeff's book. The one where he admits to beating prisoners and lying abo8230	0
@SimoneNicole3 follow me u sexy bitch	1
@VG3_ man some of these bitches are in denial about it. 128514128514128514	1
Jeter almost broke Yankee stadium	0
@kieffer_jason u can bring that bitch to.	1
OMGGGGG...!!!! Nigga said Jerry ... black bitch.	1
Dawg!! RT @Chill__Cosby: Man this about to be another trash Thursday night game	0
@true_east_ trash what? http://t.co/IUdvnQCkB4	0
RT @O3_Millz: I wonder if mfers gon be mad I took they bitch 128064128514128514	1
bitch ass arod or shorty dont hit me back up	1
@usweekly every1 is so over the bigass bitches!!	1
@Krbfarms @Cornfrmr I was gone once dog ran a coon up the transformer pole she picked it off with one shot-and still had electricity!	0
I wish my brother would stop bringing dirty bitches in my house	1
RT @jdollasignnn: @16stanleys 128514128514128514128514 I'm so weak! Ima go stalk him now lmfao! U lucky bitch 128557128148128553128514	1
@Titan4Ever2488 how do Yankees fans look back on Gary Sheffield's time with the team?	0
bobby bitch make that body flip you know i don't know karate bitch	1
RT @DogeTheDog: Wow Such banana So potassium  Much yellow http://t.co/xINHDwyTqS	0
People are so uncivilized.	0
RT @TommyShiner: Never snapchat will bishop. He is a screenshotting son of a bitch	1
*rubs hands like bird man	0
Except I used to be super tan and now I'm yellow/pale lol...	0
@BeavisCumia @jimmysdongDat cat gonna scratch all up on dat colored boy and he gonna end up in da chow mein	0
RT @Toxicityy1: Gwen Stefani's new single is trash. her hilary duff britney and fergie have to give it up and go raise your kids and judg8230	0
@jesstoth we could get matching burner phones and be ghetto fab for a few months	0
RT @BestOfWorldStar: Charlie Sheen did the ice bucket challenge the right way http://t.co/IjS0b0VtoY	0
Sam is such a bitch Ronnie got in a fight because of you 128530	1
U wanted to go in the military but yo bitch ass couldn't handle nobody shooting at u so shut yo mf mouth and salute those who did	1
@selina_dabbagh the song? About pollo hermanos and Heisenberg?	0
@JawShoeeAhhh @jehnayy no bitch lol	1
When the ghost picks u up after u dive in the pussy http://t.co/vBD4zHJROF	1
RT @danielleeKendra: Omg i was coughing and saw wiggas tweet 58386583865838658386 the fuckkk lol. talk about choking  5838558386583855838658386	1
@EmpressTaTa aww man we had a BALL. Small lil affair. Set that bitch out!	1
@bonnoxxx u smokin that 87 bitch	1
RT @uMadddt: FixItJesus 128588 8220@MyAssholePops: This bitch is the nugget filling at McDonald's http://t.co/QBdbMsHjG78221	1
Told that hoe she special like the McRib169 at McDonalds..	1
@JunDishes or a southern bitch like me who will blow a persons heart out of their back w/one shot!!!!	1
@IAmPikey Well ho di doe. Thank you	1
@goldietaylor @theGrio puppets like Don will intentionally and forever cripple our people's ability to unify a Eco and political consensus	0
8220@l3ahpar: I could write a book on the things hoes say.8221no way Jose	1
Selling ex lax brownies in front of Meijer to pregnant women. GoodDeed	0
I miss Britt god damn bitch real nigga over here baby 128129128526128588128581128175128079128584	1
8220@fabbymichelle: brian stfu 128548128079 its twitter i could retweet anything8221don't make me bitch slap you again 128075	1
Stop hatin niggah  I got ya girlfriend callin you a hater niggah 128514128514128514	1
Cuffing is a no no. My ring finger? Stay solo. Why be in a relationship if you not letting your hoes go?	1
@caritoguey 02' Charcoal 7s are pre-owned no sole wear or scuffs Size 10.5 Cherry 12's DS size 11.5	0
"@soxandjox: Thick raw fuck http://t.co/g8RvUHCeBN" Damn his man pussy is getting a workout.	1
California has gangs because California is trash.	0
Had to do another phone sweep! aka delete these hoes from my contacts	1
Sighs of relief from Beijing Guoan fans amp China's govt as club nips Japanese rival 2-1 in tense match: football http://t.co/EesEOR7Iba	0
RT @antoinetteA: Coming up at 5:15a: Charlie Baker's campaign admits he may have been wrong about the emotional fisherman story from this w8230	0
even nature looks awesome when colored in 663399Beccahttp://t.co/8B0fTjGost	0
Apolonia Gardner of Imperial CA misspells "phalarope" - a bird that resembles a sandpiper. The dreaded schwa! spellingbee	0
Good! She's a ghetto thug! 8220@grasswire: "So FPD just arrested @SenNasheed for being in the street. Ferguson8221 https://t.co/puIwlUnBIz8221	0
Sneaky hoes http://t.co/YPqpMdpfGg	1
RT @YABOYLILB: THE FUCK YOU LOOKING AT BITCH! SWERVE*puts heelys into full gear**glides past the bitches*	1
RT @trianglesoul: I wanna eat weed brownies but then I ask my self if I really wanna spend countless hours watching a documentary on sea tu8230	0
All I need is a 100 million dollars Bc I got that bad bitch	1
Drunkkkk HotBoxing these kushy blunts straight bumpin AOB this hoe on some other shit bro i got mind fucked like when black zetzu betrayed	1
The Office fuzzy socks and my favorite blanket is literally all I need in life rn	0
Holy monkey balls its warm today	0
128530 my nerves are being worked cos of my monkey 128529128545	0
RT @mpoindc: Wow Henry Waxman gets caught in a CLASSIC Charlie LeDuff segment after Charlie comes to DC for today's GM hearing: http://t.c8230	0
so to dodge them niggas dont brag dont boast dont flash for hoes dont sag so low thats how u end uo in correctional like u answered wrong!!	1
The jigg is up	0
RT @KxRxSxB: Sometimes I turn my phone on loud to tweet just to hear the bird chirp. TrueStory TeamiPhone	0
HellYeah RT @BaconGawd No RT @HuffingtonPost Happy Fall! Pumpkin Spice Oreos are here http://t.co/2prvsKantE http://t.co/hleYm0YC29	0
Gab and Bri both fell asleep on me. hoes	1
RT @FemsHaveBallz: Liberals threaten my life everyday on here. So don't mind me while I'm a total jackass to their butt hurt pussies right 8230	1
RT @y3llab3lla88: The streets ain't going no where. These hoes for everybody. When you got someone real you hold on to them.	1
RT @daqraca: How can anyone hate Charlie Sheen http://t.co/AF4T3MtmxU	0
There's someone riding around the Robinson Walmart in a lawn mower. With ghetto headlights added. reallife	0
@Barbod6FCB. Wigga wigga wigga wigga wigga	1
RT @Fvnxy: When bae turns out to be a hoe http://t.co/h37nSQCmaR	1
I'm hooked on monkey phonics.	0
Your A Good Gravedigger Charlie Brown SpookyBroadway @midnight	0
Lmao drake is on some bullshit with Serena Williams wallah she looks like a tranny	1
Don't let this natural hair care shit fool you. Some of you hoes need a perm.	1
my right ear is throbbing harder than a virgins pussy	1
The Pirates have made the playoffs and the Yankees are out...hell has frozen over	0
RT @Blessedyaszay: IWantToPunchPeopleWho mock God	0
@LegsForDayyys fml both or half breed ex at the gym. Ugh	1
If I was stranded on a desert island and I could only bring 1 thing I would bring Dora. That hoe has everything in that backpack.	1
Dog I think it's a nigga dyke I was wondering the same RT @thisisyoungdj: Is the person that sing 'No Flex Zone' a male or female?	1
@ashleyrike sick bitch!!	1
@BitchsLoveMosa do these bitches really love Mosa though MosaGang http://t.co/0g1J8Bibpl	1
@BlackManUSA @texasdivepro Historical point: cracker was a term for the Irish settling in the woods of the mid-Atlantic. Hardly offensive.	0
RT @NavyAssLos: Hunter Hurt Helmsley RT @Rich_GMI: Cut the imaginary height shit. Most of the women tweeting about it sleep alone every nig8230	0
Do girls wear bathrobes still cuz I have really cute fuzzy $60 bathrobe from Victorias Secret is that even ok to wear 128589	0
@serenity_23 I assume so the tranny went out this morning. I have a maxima.	0
RT @Stone_DTF: Im so popular8230 All yo bitches know me. Most these niggas hatin8230 well at least they know me	1
lol unfaithful hoes	1
@thesportsjudge. Sometimes a good hoe fire needs some Rocephin too before it'll go out.....	1
There's a different between ya bitch a ya friends your bitch Rey to build wit you your friends just tryna compete.	1
@jacksparenohoe hotter than a pussy in a pepper patch....who makes this shit up anyways...?	1
old fellas water froze in that funeral home. he got it unthawed and wants me to help get his pump going again that place spooks me man..boo	0
22 talented drivers RT @garrisonstudio: I am really glad there haven't been any yellows. But why haven't there been any yellows??	0
RT @ItsJordyyyn: The reason high school is so fucking hard is because ned never made a guide for anything past 8th grade. You feel me? Fuck8230	1
RT @richiesuavee: 8220@ViriDoesItt: Kevin Hart make funny faces.. His curriculum kinda trash..8221 Curriculum? 128514128514128514 http://t.co/zJJyRGcZ9Y	0
Majority of the time a woman's story is trash anyway...	0
If everybody already hit Of course a nigga can't take you seriously.. Idk why hoes be so surprised..	1
@2ANow She looks like a plastic monkey doll!	0
Would you rather be a monkey or a gorilla? 8212 Neither they're both hairy! But if I had to choose a monkey. They... http://t.co/h2RQF5OqWb	0
RT @blessedarti: Y'all claim you want a good amp loyal girl but keep messing with hoes like I'm confused	1
RT @Yankees: SEE YA! @JacobyEllsbury gives the Yankees a 4-3 lead in the 10th with a solo home run!	0
@MillerCoors Thanks for the follow guys! I'm enjoying a cold yellow belly right now.	0
@EakaErick I wouldn't share a wave with those trash cans	0
RT @KejonASavage: "@_chocgirL: Rich homie and bird man gone be at mansion 233lan tonight 128064" some niggas got fuckd up by the bouncers when i w8230	1
RT @NightValeRadio: A quick lesson on the birds and the bees: The birds are looming oily sudden. The bees are bulbous shrieking hungry.8230	0
All da white folk off twitter yet? Da colored tweet at night while y'all sleep cuz you gotta woyke tomorrow.	0
I learned that every bad bitch comes wit mood swings just like mortal kombat Liu Kang so true mane	1
RT @legapsi06: I've only watched 10mins of this trash and I feel like I just wasted some valuable minutes of my life that I can never get b8230	0
Happy Birthday nigguh keep your blunts fat and your cups filled :) @BigDaddySniper	1
BASICALLY GOP ROMNEY right wing reactionaries drudgies teabaggers libertaritards all hate our education system and teachers.	0
RT @charcharkuhlman: First day of spring break: ate half a pan of brownies amp watched 6 episodes of Parks and Rec with @victoriakuhlman amp @E8230	0
Y'all suck on flappy bird	0
Lmfao RT @_TrishaAnn_: I only twerk to "Somewhere in America" because when Hov says twerk you twerk bitch!!	1
ExplainAnAnimePlotBadly Boy with a monkey tail grows up to the the savior of a futuristic yet old earth	0
NowPlaying : Ian Hunter - Once Bitten Twice Shy on 1069TheArrow - http://t.co/R5wuXA9jB6	0
*after BO1 RT @TheGodWriter_: @iDocLyfe Bruh lol I retired after mw2 because everything was trash afterwards.	0
RT @imFindDory: lol when bitches tryna chill with me like do u kno who i am? im the mother fuxin Dory hoe I TOUCHED THE BUTT	1
This bitch is nasty	1
RT @supercos7: @peddoc63 @Cavemaninc @CarmineZozzora @DB103173 Charlie understood 128299 how to keep those percentages 128201 lower.. http://t.co/8230	0
RT @DeolaCola: They don't make RampB like THIS anymore!!!!!!! Dudes used to make you feel good about busting it wide open not call you a hoe 8230	1
Lmao redskins turnin up	0
RT @ImNeverChillin: When yo phone go off in class amp the teacher say "turn that trash off" but it's one of the songs on yo mixtape http://t.8230	0
@Zach_Thein you pussy	1
Chris Paul trash LMFAO	0
They didn't lose the city. Red Sox fans are bandwagon fans just like Yankee fan. morningjoe	0
Passing up on mad hoes just to give him what he want	1
Just spoke w/ @HispanicLinkNS legend mentor Charlie Ericksen. Great to catch up w/ those who helped open doors for Latino journos thankful	0
I rather watch the oak cliff redskins and oak cliff comets play hell	0
RT @iCARLEYBBY: 8220@LexLuthorDaKing: Some* RT @iCARLEYBBY: Niggas be so pressed for pussy8221 my bad yes some!	1
@justinbieber have fun getting deported you fucking faggot	1
' And you know that I believe it  cause her pussy to mee... 10411851041240 And she don't fuck with many niggahs  she don't fuck with any niggahs 1041219 .	1
9733 BEST ASIAN MASSAGE ON THE park slope --TOP RATED SPA 9733 718-622-0221 - 24 http://t.co/dyYvrEJAm3	0
pornandroidiphoneipadsexxxx | Fisting | Dude fists his wife8217s big pussy http://t.co/snFAf5Uxxb	1
8220@CallNeeshCakey: Kannie amp Vonnie some Tiny ass bitches1285571285571285578221128557128079128079 I HATED when you and crissi started calling us little body bitches in Hawaii	1
RT @Women_Fit: Use what talent you possess: the woods would be very silent if no birds sang except those that sang best.	0
Noap. Not taking them. RT @TiffNCompany: Maca root pills making my vagina do the wop	0
RT @mckayllaa: I wish I had pretty colored eyes .	0
@EmmanuelRodz11 WILLIAN up in that hoe 128514128514128514128514	1
Jihadi streams: British ISIS fighter identified as Abu Abdurahman Al Britani killed in action. http://t.co/Ksowd8rRCk	0
I just wanna touch da bitch fuck da bitch Like a bud don't trust the bitch.	1
The Conjuring wasn't trash. It just wasn't as good as Insidious.	0
Who would've known that Jesus'll come back to the ghetto / on that level and that thorough like a black heroine.	0
"LOL cripple!" - Wendy Davis. RT @MailOnline: Scientists create remote-controlled chick to study shy penguins http://t.co/mT3B09Slod	0
Quit teasing bitch	1
There's a green bowl high. A spliff high. A j high. A blunt high. A moke high. And a Moke + coffee high.	0
diet coke trash	0
@pauIjac because their parental unit is trash.	0
Bored then a hoe! Listening to these fuck ass adults lecturing us with @__vercetti http://t.co/NyBO16RMsh	1
Good morning Charlie @Charlie4927 @jrstws @qnoftherealm @SavvyHuman @scdorn @yrwol7 @PlainUnamerican @ErickInNC @PuterPrsn @tomwfry	0
Momma always told me I was crazy  am the hoes say I'm amazing but I don't listen to a lady !	1
Notice I don't make music for niggas that don't get pussy.-DrakeLordKnows	1
@DanWolken It's idiotic opinions like this that make polls less than trash. Polls weren't a problem when people with integrity were voting.	0
RT @RTGIFS: DOMINIQUE Made Larry bird do a 360 lmaooo http://t.co/Vs6e3Z0C2u	0
These bitches irri.. irri irri..irri irri	1
Three little birds	0
"@DomWorldPeace: Baseball season for the win. Yankees" This is where the love started	0
@yooocaly but but but you said vibe. Which means I have to say bitch don't kill my vibe.	1
RT @_ShesSuchADoll:  straight 128686 "@DrewWhosUrDaddy: To each his own @wizkhalifa but these hoes weak http://t.co/W7TEj28aNr"	1
@HeavensWay_ 2nd and last time I'll ever call you that faggot	1
RT @GbOSMG: y'all gotta stop pumping these ugly hoes heads up 128567	1
RT @KayciMalynn: 8220@__0utcast___: Kayci and I greet each other by saying "hey cunt" like it makes me lol8221-The only person okay with me cal8230	1
Im trying to come back as a fine ass bitch next lifetime....	1
8220@RylannWilliams: @Woodchuck20 @ravenkiann Hahahaha do it bitch! Make her fall in love 100841008410084100841008410084100848221 should I? 128514	1
All I want is cheesy bread and brownies 128523	0
@karazopfi Then send them bitches through express mail overnight delivery	1
RT @ReggieRipBam: All I ever do is fuck bitches amp count stacks	1
If she wears these to dinner then she's paying for her own food because Im treating that bitch like a stranger..... http://t.co/Pm5AA6PlW0	1
RT @ChildishGarbino: Part of my cousin Danny's Yankee Swap. Pretty hilarious. Very clever. And very Danny. @danvii http://t.co/FKdEYzqT	0
Im glad I met this chick. Reminds me the trash I left behind	0
were gunna shake our honkey tonk badonkadonks (': @SAMMI_boyden	0
RT @datnigga_laced: I'm fuking every night up in my new house .. Cause bitch I worked to hard fa this new house .. 128513	1
Im a ghetto ass nigga you suburban	1
Fairy Tale Hat - free crochet pattern for child and adult at http://t.co/0lRaBLMHB2 http://t.co/99zVbmYVe9	0
RT @davidalderman77: Obama killed the Twinkie gonetofar	0
It's Karaoke night baby! Hi ho! Hi ho! It's off to sing I go! With a voice that sounds like sandpaper hi ho! Hi ho!	0
This is a long yellow for a bunch of track sweeping. Not a ton have taken opportunities to pit. IndyCar GoProGrandPrix	0
8220@Smokinonkaya_: 8220@Nilaja_: Everybody Loves Dej Loaf8221 cause that's wifey8221 fuck off kaya dats my bitch.	1
RT @SuckMy_John_Son: VolNation bitch	1
RT @TheMattEspinosa: She literally just put the whole trash bag on lmfao http://t.co/YiERskYrfc	0
@englandlauren @iain4harrison @oliviaboncic sprite* hoe	1
Word up doe! GM RT @shik702 Good morning....it's a celebration bitches!	1
9733 BEST ASIAN MASSAGE ON THE Brooklyn Park slope --TOP RATED SPA 9733718-622-0221 - 24 http://t.co/ENSNf9RGPH	0
@HoskinsTy96 dammit now I'm the only one with a fucked up tranny....	1
RT @illroots: The radio is trash.	0
Why you talking to hoes about bro nem?! 128548	1
RT @DurtMcHurtt: I just want to fuck bitches and listen to Conway Twitty.	1
RT @digaveliavelife: @KC_Uptown LOL shiiiiiit one day they gonna have a have a golden statue of me lickin da shit out of some pussy in my 8230	1
@_bradleey SAME128530 like bitch it's the struggles to use the stairs let ppl get on 128074	1
@CallNeeshCakey no  a pop wop 128514	0
RT @mjxcx: Teachers trying to pronounce ghetto names on the 1st day of school.... https://t.co/8CjuAVL3Ct	0
Poor Henry he's supporting the right 2/3 of you guys all on his gut! Don't hurt it Charlie... (@lizziecuevas)http://yfrog.com/h300cwrj	0
My dad goes son of a bitch and just lights a cigarette in the kitchen... Oh128514128514128514128514	1
Met a woman who was trying to feed a crow a Brazil nut	0
it's awesome when people you've known for years talk trash about you behind your back and then ask you for favors later. truly awesome.	0
RT @iamKatJohnson: @1inkkofrosess bitch get it how you live 128514128175	1
Gimme another beer bitch!	1
Fuck bitches get money mission complete!	1
RT @_blkarab24: Whats a bad bitch to a queen with Goals10067	1
@carlybutler96 just texted yea queer bait 128536	1
RT @NuteIla: when I die on flappy bird http://t.co/HKNUTfDVJZ	0
@solopo82 y'all got the Taxis right now? And can I get the Oreo 5's right now if possible?	0
This Billy Crystal tribute to Derek Jeter is crazy. I hate the Yankees but man... Derek Jeter.... RE2PECT	0
@DeJLoaf mixtape sell sole got some bangers!	0
8220@AntiGlib: RT @nateyfu123: Yankees Michael Pineda in his next start.. http://t.co/Zb1zWN0jet8221 @954Nole	0
I don't love these bitches OR these hoes fuck they thought? I love my MONEY!	1
pussy so good got me running through the hood	1
Tyrese trash	0
RadioFreeNorthwest 218Covington reads responses amp mocks FBI Andy on Real Politics Liv on her awakening Gretchenhttp://t.co/t9JyhAncPR	0
If I were a kid today...Michelle Obama's lunch would wind up in the trash can	0
That's a deal breaker yo pussy shouldn't smell like my sweaty hooping shorts	1
I"M THE MOTHER FUCKIN" UGLYgt badguygt bitchesgt EliWallach TYPE SHIT BreakingBad is a joke about noose RIGS LeeVanCleef sportsgt	1
@Marco_SharkHoes hoe I'm at work til like 8	1
RT @Yankees: Gardy goes yardy again! He leads off the game with a HR for the second straight night and it's 1-0 Yankees!	0
RT @AdamWeinstein: Working theory: This "selective race" abortion ban passed in Florida today was just an excuse for redneck reps to say ...	0
We over here struggling with college and work and ice jj fish making money for being trash lol. What has this world come to.	0
@GiftedHussle94 @DallyJackson @TreFreedawg "babe it's the thought that counts".."bitch you a thot"	1
@Boner4Tuna @TCC_Grouchy @Mrs__Met @Vortmax29 @LLMajer @dmb1031 @APLMom @Frogtox @KishkaAndPipiks I've had shots go off where yellow smoke	0
@iMGorgeous_HOES I learned from the great Asia Torres 128583 take notes bitch 128514128514	1
RT @I_Be_kOoLz Food be good...except that rice they cook that bitch on Monday for the week + Tootsies?	0
Pussy like girls  zaaaammnn is my pussy gay 128035	1
@GingerDemoness @RiotCast @weirdmedicine I wants to call bouts my vitaligro but I ain't sho if you a doctor fo da colored folk	0
@luchadora41 so was slavery prohibition and not letting women to vote... segregation jim crow laws.. etc etc i can do this all day lol	0
The Perfect Gift for the Jihadi on Your Shopping List http://t.co/YbcsutdGMw http://t.co/nNwums32b4	0
RT @iv9801: Charlie Sheen engaged to porn star http://t.co/THMYpFexicMens Health Tips Sex Toy http://t.co/Hxmlrj1w6m The Adult Toys KISS8230	0
This hoe got a gf but complain about life like is she hitting you right ?	1
King TI vs tip and that troubleman albums all trash.	0
Nose goes on taking out the trash this time. 128586 @caitnicole3 @CiCi_Phi	0
He said capri-sun and zebra cake128514	0
RT @Kap12284: Week from Thursday might be the last Yankees game to look forward to in a while. If nothing else Jeter deserves that night 8230	0
@FightNightX @NMF4Life khan has been facing nothing but trash since his L to Garcia	0
Did everyone else's parents use to refer to the Power Puff Girls as "Powder Puff Girls" or were mine just exceptionally retarded?	0
@cumkwats thank you based pee slit	0
128557 RT @KingHov1313: I be thinkin Errbody wanna give me some pussy!128553	1
Come thru Keyshia you queen of THOTs bitch!!	1
View from the ghetto ain't bad Rio http://t.co/umjPU8gT	0
RT @SaviAssStr33tz: Dumb hoes out here moving at a snails pace in life...im coo	1
@MitchVorce sheeze a yellow bone	0
Re: Alexander Skarsgard my roommate has declared: "He's a sexy albino lizard. i dont know how that's sexy but it kinda is."	0
Follow my nigga cg_bugatti Niggaz hated nd flagged his possibly Fucked ya bitch that's why y'all8230 http://t.co/FRf23wlLbv	1
@ImOnMyLevelGTB so what ur sayin is all I mess wit is hoes? shady	1
@SteveWorks4You pay your taxes teabaggers	0
@MahNameIsJared be my guest. I want to be a bird I think	0
Thanks for scaring the absolute fuck out of me flatfoot. Now I look like a pussy. Fucking jerk.	1
@DannyMndz93 @Titan21Mtzzz he's still a pogue though	0
@d6_9b idk... It's trash though!	0
I hate when hoes try to play the wifey roll	1
Moving is always a bitch.. I'm excited for Dallas though.	1
Cus you gt d hoes	1
8220@iDntWearCondoms: Bitch wanna date the flyest nigga then be shocked when he has hoes lol8221	1
Y'all really risk ur lives weaving in amp out of traffic traveling thru two counties for some pussy?	1
I love wearing fuzzy socks to work	0
@Hovaa_ what about yellow spots?	0
@ErinSaberSix im 99 slay bitch im wearin bandos armor cause im so rich i got my slayer helm and my whip droppies	1
I wonder where all these bitches I got at ?	1
RT @Roulettista: Mertesacker saying "give him the ghetto fist" is still goat	0
lrt I just didim saddened bc she been tweeting like a hoe	1
RT @iLikeWGW: retweet for big booty bitches	1
pornandroidiphoneipadsexxxx | HomeMade | Using my submissive bitch outdoor. Home made amateur http://t.co/Fu6AggzHQd	1
WhatImCraving Peanut Butter Oreos lt3	0
RT @Garnettujl: Hoes will be hoes.	1
RT @Manstagram_: When I make the paper ball into the trash can http://t.co/m90W9N1zbT	0
RT @love_andhiphop: Stevie J proved that you can turn a hoe into a housewife.. 128553128514128175	1
RT @VUULibrary: It is Shakespeare's birthday. Take a look at some Shakespearean trash talk. http://t.co/JSy3UFfaIb	0
my bitch look like a black barbie n nigga imma ken doll breath smellin like filet mignon and menthols..	1
of course @pbebt killed it!! Me and my sis @msblaqstallion rocked that bitch hard!! Sadity Committee!!	1
"@g0rillaz0e: Sitting on my window sill window open bird tries to fly in. Smacked it. ProtectTheAnimals" @peta	0
French word for potato translates as "earth apple." Banana is "long yellow tree apple." Submarines are "big wet hollow kaboom apple."	0
Time to start listing to il spook	0
128514128514128514128514 RT @SMASHaVelli: Murda out here sucking bitches 128514128514128514128514 howDhow?	1
This bitch gonna steal a police uniform and think she has some authority. I say we pop the trunk on her bitch ass. TheWalkingDead	1
RT @sepinwall: Day 2 of FXX8217s Simpsons marathon 8212 8220Bart8217s Dog Gets an F8221 to 8220Last Exit to Springfield8221 8212160will be the best consecutive 24 ho8230	0
@Cee_Murda94 no it's yellow fin. It's in edgewater	0
just noticed some trash on my notification page i had to clean up	0
@iStricer You are hairy like a monkey. : P	0
RT @sky106radio: For lots of great oldies check out "Memories and More" with Yankee Rose today from 1:00 PM to 4:00 PM Eastern! http://t8230	0
RT @JamesAndDaniel: You can only call the Janoskians faggots if you're a Janoskianator	1
RT @keep_ita_hunnit: Ya bitches got boddies but act like they dont count cause ya "loved" each other lmaoo	1
Gotta watch these hoes 128064	1
RT @Fact: Fake friends are no different than shadows they stick around during your brightest moments but disappear during your darkest ho8230	0
RT @HBCUfessions: "Mannn these hoes for everybody" other words don't love these hoes especially at - FAMU...	1
128514128514128514 bitch my lrt	1
Serious question here How many country songs mention honkey tonk(s)?	0
RT @wizkhalifa: Woke up sleazy. Im bout to make this day my bitch	1
RT @TomBradysEgo: Might have a better chance if we put some trash cans out there.	0
RT @SwallowMyChakra: Crying RT @WestSideFlee: How you gone wife a bitch that let niggas lick on her head in public?	1
I got 2 bitches if them bitches snitching then finger itchin. shot em the kitchen Makem wash the dishes.	1
Its funny how these hoes will be texting yo phone all day and then 3 days later have a boyfriend 128514	1
RT @GoatIdeas: Oreo Frappuccino http://t.co/o3QJ8M1nFf	0
Ghetto bird can't fly away from my hood	0
I wanna experience that late 30s amp early 40s pussy	1
RT @drhoagie: .@1Dittlinger Jay I think once someone has Alzheimer's suffers from alcoholism and is mildly retarded people shouldn't mak8230	0
These birds messy.	0
RT @BlackNerdJade: RT @Parkour_Lewis: *Last 5 hours RT @the_blueprint the last hour and a half of work trash just for existing.	0
8220@PrayForJack I survived swine flu bird flu west nile and the Bloomberg administration. I'll be fine8221the abortion survival. Cant 4get that	0
"@socass_: Dude remember this wop video? @00sexilexi00 http://t.co/P3HEuBOQBu" OMG WHERE DID YOU FIND THAT	0
@GGChanel @jesjosie Yeah it's fuck that Jigsaw-faced bitch everyday B.	1
janet Jackson's nip slip iconic	0
Brilliant job by @NelsonCanache to limp it back to the pits without causing a yellow. Wish he didn't need to though. PLM	0
There are LOTS of top tier wrestlers who started as "yardies".	0
@ZELNO96 one sick bitch	1
I def got a few shades darker cutting my mama grass. There goes my yellow frame lol	0
RT @DJZeeti: i couldnt host 106 and park .. i'd fuck too many young bitches	1
Let her be a hoe why you stopping her?	1
Mykel stay wit all the bad bitches 128514128557128530	1
@Strangleme Looks like a less-squinty-eyed @mikelreparaz to me. Hmm...	0
8220@KyariesDa4: Ginobli dropping them bitches like a Delta line8221. 128514128514128553999665039	1
@Oskzilla niggah you gay!	1
What mad cunt created masturbating? That dude needs a high 5...	1
Shouts out to my down ass bitches who never give a nigga a hard time!	1
RT @KnickRumors: Mets superstar pitcher @MattHarvey33 is at the Yankees game wearing a Knicks hat KnicksTape http://t.co/g5fqGTE2s0	0
RT @rappersaid: When Joey Bada$$ said "Traded in my Nikes for a new mic I guess it's safe to say he sold his soles for a new life." http:/8230	0
RT @LeBronVuitton: Can't none of them hoes swim128514128514128514 8220@Jaykelz: @LeBronVuitton @1stName_Bravo they renamed that bitch the yacht club8221	1
Yankees wasted Nu241ez's season rays mlb	0
RT @BitchieDior: A street nigga don't love nobody if you ain't his day one (bitch nigga)	1
"@snoleezey801: I don't ever expose females like that.. That's childish.." bitch nigga shiiii.....	1
RT @FunnySayings: 8220you8217re a bitch8221 that8217s new information thanks	1
When you tell a dark skin bitch to send you some sexy shit http://t.co/f5RUR3RkLU	1
Them gay dudes stay with the baddest bitches.....no punch line	1
WATCH - WE SALUTE THE VETS 8211Tuesday Jihadi Bitch Slaying: MK-48 M2038217s Fired At Taliban Cockroaches During Firefight http://t.co/yFucN0Dwzq	1
Idgaf what anyone say. GAMBLING IS STUPID. like if you constantly bitch about not having money why tf would you go to a casino?	1
Who remembers when we were in middle school/high school and would throw paper in the trash from our seat and yell "KOBE!" Lmfaoooo	0
@TwoStarScoob good job tonight! You need to eat some crackers soyou'll stop throwing up !	0
@kayysavage @Montea_Rollin I know bitch	1
BlessJesus Amos 3:3 - Can two walk together except they be agreed?	0
RT @TheKyleHardy: Serving size is Latin for you8217re a little bitch	1
RT @KNegandhiESPN: That Peppers slant was a genius/crazy call. Genius if he catches it. Crazy if he drops it then blow a TO then get sack8230	0
@ToWherever I'm not yellow I'm sorry	0
Terrifying. leprechaun http://t.co/447wgkSVVG	0
When Charlie tries to walk into my room and it can't remember if I locked the door or not http://t.co/FrTigzzPQf	0
Yankees Jeter Let him play the entire inning. That's fitting.	0
RT @scottiken: It's settled. The Ding Dong is far superior than the Twinkie.	0
RT @RmpHarris: I kinda miss tremper I use to be threw dat bitch lol Never in class lmao	1
Kanyeeeeeee is just a yard ape acting idiot!just stupid...	0
August alsina : ghetto 128158	1
RT @korsczurek: Got to hold a koala take selfies with kangaroos saw a bunch of bad ass birds of prey and pet a fucking emu today... wtf 8230	1
@NumbersDnt_Lie Yeah them hoes straight ima grab that light blue pair	1
RT @skullmandible: Now Call Down Your Dark and Your Cold and Be Damned Charlie Brown	0
' You Deserve x August Alsina 10433581043358 Im dedicating that to all my old side hoes 1041204104120410412041041204104121010412101041210104121010412101043359 .	1
Game 128 Preview: Houston Astros at New York Yankees http://t.co/ughVRRdirz	0
"Your homeboy looking bad and you giving cash to them hoes"	1
@MrsZookeeper @Cornfrmr When Mary asked him about it said "the part you eat is white-you throw the yellow away"	0
RT @LeMarquand: 825265039Muslim group slaughters 43 children in Nigerian school children burned alive shot amp slit throats tried 2escape.. http:8230	0
Early bird catches the worm 128076	0
@ennuitimes clever monkey!	0
@Blackman38Tide bandana Orian. They called me trailer trash for wearing my lil country getup 128545	0
@classy_girls bruh u such a pussy just talk	1
them jants be clutch for bedtime tho 128514128557	0
RT @MsRock4Ever: bitch mcconnell has been a 30-year parasite and we can not afford him any longer. @VoteBlue Vote @AlisonForKY	1
RT @MrStories: I can't wait to see the new planet of the apes.	0
Grandma's Homemade Potato Soup - An old fashioned simple chunky potato soup like Grandma made wit http://t.co/ZV8ZsmHNlm	0
@_xpriceless_ @Casio_DatGuy bitch u got me fuckked up	1
@DizzyBala God awful and that dude is Dorian / eggplant black.	0
how ah yardie reach wyoming?? (live at http://t.co/8N9mI46CBU)	0
He never replied to my asking about his calling me a "redneck" @gigg423 @psherm07 @EchoesErrant @jstines3	0
RT @eaglesfan167: Eagles 5hrs till the birds kick some assbleedgreen	0
Clearly I'm afraid of birds http://t.co/qA4O9Dr4vp	0
it's been ten mins bitch I gave you a 2 min assignment lmfaooooo	1
@vernon1488 this is my female grand champion Jesse. She heard a bird outside. http://t.co/1OINieeJ9c	0
mt goauche monkey oldpainting vinyl jazz lounge http://t.co/hueH4HCxx7	0
If you got charge a nigga up for tryna talk to your chick You really a insecure faggot and have no control over her..	1
LOL there's a talking monkey live on the internet! Will wonders never cease?	0
Have you hugged a wacko-bird today?	0
Hmm.. Ass all chunky brain is insanity.	1
ATTN : All Brown University students the stop and frisk protesters will be systematically dispersed into random U.S. ghettos. Good luck.	0
RT @Norsu2: Democrats to push income inequality as top issue of 2014 http://t.co/6fMioxUIgK Charlie Baker (R) veers further left all in w D8230	0
@arionnee smh iont understand it but fuck it more hoes for me 128527128514	1
Will entertaining the hoes smh	1
@ItsManderIs you sure you ain't colored?	1
@mis_sarahd @basedpapi1017 tranny	0
Lil riri sittin pretty while u bitches layin petty	1
@_reathie man bring yo bitch ass here ion give a dam bout yo mf attitude	1
She like "bitch you know I got next yasss" http://t.co/5XVpWWFrub	1
and another one 8220@07Cannon: Two hoes? RT "@xoxo_imaunicorn: y'all know what we are?! 128514128514" http://t.co/XI5Aod1FAo8221	0
RT @_ViciousMoe: i have absolutely no "hoes"	1
@HAUNTINGILINSKY @sorryimalex Bc @taylorcaniff is trash why would he lie about that? I told you he's real	0
hoes need to stay in hoes place fr	1
RT @PapaRockk_: My mom paid $5 to hold this monkey amp look what he did 128553128514 http://t.co/t5ZkMd8Xeh	0
@ThugMon3yy @ChandailBailey @SteeZeyFLOW @HunturPls it does. you and all your hipster friends are ugly as fuck... and yo pussies all stank	1
hoes in my iPhone...	1
@fredabrahams @Brown_Moses I saw the actual tweet while scanning Jihadi accounts. They put a screen shot of it with: all aid workers r spies	0
RT @Mix_Mommie: Wyd hoe bucket8220@TheKaosYatti: @Mix_Mommie heyyy8221	1
RT @_LindseyLove: "Let me tell y'all bitches something right quick" http://t.co/2jcQl8pFLc	1
It's only 9:12 AM here but I'm about to pour up some pineapple ciroc amp blast this Future mixtape at maximum levels because bitch Im in Vegas	1
Shara fuck you in Ya pussy. You know what I meant MF.	1
The brownies I just made are a sin	0
@_icantmiss Boys still got birds in the cage? Lol	0
RT @SexualGif: If your girlfriend doesn't like that bitch then don't talk to that bitch.	1
Always thought golden Oreos were the same as original Oreos but oh my god I just climaxed	0
RT @1KelliBelle: Needy clingy men is why I have bitch issues	1
@BolandDrummer I have never once in my life been to a 'coffee shop' like Starbucks. I am a hick though.	0
Just seen a pic comparison of Lou Holtz and he grandma off Beverly hillbillies and I can't stop crying tears of unfathomable hilarity.	0
how much you wanna bet that a anti-government "black helicopter" teabagger was behind the Boston Marathon explosions? @TwitchyTeam p2 tcot	0
@KxRxSxB haha no but I was ready to slap that bitch again he came walkin in my room to say hi while I was playin saints in my underwear -_-	1
@greekkid31 @TaraSetmayer @TheWillDunne yes true reagan was the first..ike wouldnt. While president and he was supreme allied commander.	0
I love the acoustic domes in the hallways. Favorite place to sing in public. No lie. http://t.co/G6Az9ryUbQ	0
128514128557128128 RT @iDO_me2: Hood hoes love Harrell football team128528	1
RT @BreeBGorgeous: Females now a days don't like to do anything freaky because . You niggas gossip about it like bitches .	1
RT @monogrammedprep: God is a Yankees fan. FarewellCaptain	0
@wienerherzog Perfect stock photography for an article about not letting a leprechaun-looking handyman get into your liquor cabinet	0
RT @VillageBae: All Detroit niggas do is listen to DBCO and fuck other niggas bitches while trying to hold on to their own with no money an8230	1
128514128514128514128514128514 brittany bitch u my dog man 128514128514128514999665039999665039128553128553128553128553128553128553128569128569128584128584128584128584	1
@Stephicans mhmm tweet bird 128037	0
RT @GOPBlackChick: The racists are @msnbc and its crew of anchors. Not "right wing " folks. @MHarrisPerry mocks mixed GOP kids.http://t.co8230	0
"@royalswagg_: using y=mx+b to find the slope of that ass"	1
The Walking Dead is trash people...That is all. 128514	0
Word RT @Maxin_Betha: And pussy RT @HumbltonBanks And snacks RT @Aerin_Marie: Ladies keep beer (cont) http://t.co/ssb5ERhd	1
@kingjvsh you just did bitch lol	1
RT @skyereyes_: If that's what makes these fat bitches sleep at night 128564	1
If you think that the term redskins being offensive is a political issue you are ignorant.	0
@michelle_westt birds of a feather..	0
@TheoMaxximus @ZoeBarton3 fuck up pussy	1
"Two roads diverged in a yellow wood and I chose the one to J246tunheimr"- Robert Frost Giant	0
RT @WORIDSTARHlPHOP: When your phone goes off in class and the teacher says "turn that trash off" but its a song from your mixtape https://8230	0
@SlowDollaz photoshop my nig	1
My bitches cleaning http://t.co/6cgdXrzO8w	1
I bought him a Sumblime shirt for his birthday too 128532 I kinda wanna be a cunt and ask for it back lol IndianGiver	1
trash af	0
I don8217t talk trash regarding sports.	0
Got my mind made nicca ... Fuk u pay me!	1
RT @DariusJulion: that movie was trash	0
RT @SportsNation: So Yanks have signed Brian McCann amp Jacoby Ellsbury. Rumor has it they still want Robinson Cano Babe Ruth Miguel Cabr8230	0
PHILOSOPHY EXISTENTIALISM AND DEPTH and not trash popMTVHottestLanaDelRey	0
RT @Tweets2Sweet Niggas REALLY ARE the new bitter bitches	1
i have to be the taller older bitch	1
RT @trapfuI: i hate a "i don't text first" type bitch	1
when you first walked in the door at that party you saw a big booty hoe 8212 Name ? http://t.co/JERsrSwhUe	1
This bitch!	1
@JLlVE looks prime for some trash pick up	0
@chriscurtis410 they be tryna b on the low but one day these bitches gonna realize some niggas talk more then them l128514	1
Im the man around this bitch baby check out my wrist watch 8986128130	1
When you see @MARGIEFAYE about to fight a bitch .... http://t.co/KZoNqkfVtB	1
YES!! RT @Merky__: NO!!! RT @HuffPostTaste Will YOU buy the new Caramel Apple flavor of Oreos? http://t.co/K8zUp4Ynzf http://t.co/AMuZaTglx8	0
@YoungRecklesss_ the fuck das wat bitches wit uh fuckd up mouf do 128514128514	1
RT @camilleftansel: i've read the hunger games 12 times i am trash	0
If only I dated a girl that lived off Mack Road I could just get the holy trinity of Sacramento ghettos on a daily basis	0
RT @MarkB_LifeStyle: They trash... RT @B_Dot_Conto: Pointless Bitches In The Club RT @RooseveltChaun: Smfh http://t.co/X4o0wmAtws	1
@allsportsbruh how? All of the QBs we had before this season were trash. They brought in a veteran so they could have someone to play	0
oops: 'constitutionalists' teabaggers in mississippi forgot ratify a centerpiece of the constitution: 13th amendment banning slavery.	0
Jihadi propaganda ploy:US had Gulf countries publish pics of their pilots 2 deflect Sunnis anger from itself amp iran http://t.co/pFxYby2c15	0
RT @tailorlamar: yall niggas is hoes.	1
RT @ObieOneHHH: If I was a top tier MC I would publicly announce that the point of my tour is to have sex w/the baddest bitches of each cit8230	1
RT @Now_Thats_Fresh: Every Seth McFarlene cartoon is trash yall love low iq comedy	0
"The water isn't yellow I'm a healthy student"	0
that finger to the face pose bitches do now a days like chick no i wanna see those lips	1
her "friends" said I was shallow conceited and controlling. I grabbed her wrist and said "never talk to those fat jealous bitches again!"	1
RT @Thatindianbruh: There8217s a bitch on twitter with 50k followers but she drive this. http://t.co/m4AKVZ4JgD	1
Or I'm vibing and they ask to see the aux cord knowing they bout to play some trash 128530	0
@AmPowerBlog but can we all at least agree that you whining like a little bitch because someone threw your phone is absolutely hilarious?	1
RT @rickygervais: Have a great day you lovely fellow apes :) http://t.co/jZL7filv0q	0
@QueenSAVage97 @FresH_BoY_Will how you gonna compare sushi to pussy tho there ain't no dicks going in your sushi 128514	1
Hey @DreamShakeSBN fans. If anyone is wondering what the yellow tab on the back of the collar for - it's for teams that have won a champion	0
RT @wrongwaybennett: Only Southerners know the difference between redneck and white trash.	1
RT @chilltweetss: when I make the paper ball into the trash can 128168 http://t.co/Xnx2XEGACm	0
@goldnsilvercoin the worst terrorists are republican teabaggers...	0
dear michele bachman... shut the fuck up you crazy bitch.	1
Lil Kim really made herself trash smh 128148	0
oomf can get it but I'm chilling till da bitch hit me up	1
RT @Cajun_peach: Because humans aren't delicious ho RT @peta: Smarter than dogs AND your 3-year-old child. So why EAT them? http://t.co/eRT8230	0
RT @JeneBramel: Clever. RT @LanceMcAlister: Watch Burfict make the hit and then mock officials by throwing a flag on himself. https://t.co/8230	0
Like the song French "got all the black bitches mad because my main bitch strawberry" Lololol	1
@CatholicMomVA @Neal_Dewing that would cripple our military :)	0
A bird just flew into my window?????? I hope he's okay 128563	0
@BreadTruckkBri I know I was playing that hoe start on the 20 tho	1
My shift won't be over no time so in the mean time im doing what I have to go to get by. And if it means tweeting trash I will	0
RT @jewtanski: When you has a frownie eats a brownie	0
@jalenwanna bad bitches only?	1
RT @DabGodBaby: But only BBC the American version is trash	0
@Poffalicious hell no man I'm retarded good at situps.. that run was weak tho	1
RT @EskimoKim_: @WeCameAsJanie I really hate skyler like she's loaning money and it's not even hers like bitch wtf	1
I fucking hate this fucking neighborhood these fuckin bitches have someone over everyday ya3ne.	1
Get your nasty ass out of my snapchat bitch	1
anybody want any sugar maple saplings? I have about 50 popping up in Heidi's hillbilly beach. me and emm's planted two Friday.	0
Josef just pitted. Slight possibility he can make it the remaining 67 laps but I highly doubt it. Will need yellow. IndyFest	0
Also it8217s a hiccup to Jihadi propaganda: they portray themselves as the only ones willing to die for their cause.	0
I done been to the top I done sipped the juice/ and with that being said bird crumbs will NEVER do!	0
Backdoor is open: them hoes will let you fuck em in the ass. Usually an extra charge plus the rate you agreed upon.	1
RT @dril: night time falls. im "corie latin" now. a man of intrigue. i place a bird feather into my glass of scotch and i never do posts ab8230	0
You said you be smoking strong but your wrong you been smoking trash and it aint in my lungs if it aint that pressure	0
RT @JimNorton: The only thing more irritating than Donald Sterling being a cunt is Adam Silver continually apologizing for him.	1
"This is for my ghetto motherfuckers" -Missy Elliott	1
I was flying down the slope and just rammed into this small Asian boy kid got up like a champ and walked it off	0
I impress da young white girl next doe by taking out my giant negro thang and usin it to flip da hamburgers for da KoolQueefTribute160	1
RT @DopeChubbyChick: You was so eager to be a hoe you didn't even read RT @JennnVeee: 8220@DJZeeti: twitpic a selfie wearing a leotard8221 http:/8230	1
128514128514 maaaaannnn i hope so! RT @ABrown252: @VonshayeB did we get rid of John Legend looking Charlie Batch?	0
beanies cumming real soon http://t.co/GlLjaQb6ty	0
@yourstruelysam_ @IH8UHOES @Nekko_hbk bruh why it look like a niggah dick slapped the baby 128514	1
So I'm at tedgibson and Ted is getting his hair colored right beside me. Heeeey!	0
RT @bspence5: @Morning_Joe msnbc new census questions=tempest in teapotACA stayscosts down7.5mil+getting covered is a success story to 8230	0
RT @TheBardockObama: Yea but who gets more bitches grandma	1
I hope Charlie brought the lube for this test...	0
RT @robdelaney: Girl I wanna rip my dick off and throw it at your pussy.	1
RT @pambesteder: **WOW* according to this tweet by @Tarascan68 Obama must have been an Uncle Tom? http://t.co/Klcsgy9JPW	0
RT @Oreo: Woah the depth of this Ollusion is unreal. Ollusions http://t.co/fuiVThvZyN	0
RT @SportsCenter: BREAKING: Japanese ace Masahiro Tanaka will sign with the Yankees for seven years $155 million. (via Fox Sports)	0
I'm dressing up as an albino one day and scaring the shit out of amaris' mom	1
It's a lot of fat bitches at this party I'm we at right now my outfit way too much fire to be at a function like this	1
US spy planes are flying over British skies in hunt for Jihadi John's assoc's with advanced tech! http://t.co/XfSeZSzu0m via @BeforeItsNews	0
RT @DjChubbESwagg: 8220@jemelehill: ::faints:: RT @desusnice: She has no idea how many of her resumes went straight to the trash http://t.co/D8230	0
@ofhdirector Everybody look at this bird-killing wind mill lover. -)	0
RT @_FreeMax_: 128514128514128514128557 skitdaddle wit that shit hoe http://t.co/BXsLCSHjHE	1
What is Twitter even for? Lmao This hoe wack af	1
RT @FuckTraVonn: @TropicalKyle @wendella_ one time me and this blind bitch was watching a movie	1
I love when girls pass up the guys who want Something real and to treat them right for the guy who just uses em cuz then they bitch about it	1
God my tweets are so ghetto	1
RT @CuteOverloads: baby monkey in the snow im crying 12855712801810052 http://t.co/gMk5dbjaJQ	0
@heavensenttynae nd you kno how much I love clams lol	0
RT @TylerSteak89: The big bitch in the back of a group of girls is known as the caboose FAT	1
I'm Hun-gry	0
RT @ESPNNFL: For the 1st time in the Tom Brady era the Patriots are in sole possession of last place in the AFC East http://t.co/zMkwGNzOCT	0
RT @Steven_ratata: @savanigga @CheersToKellin sav you are so nicee love you too twat! :)	0
RT @LiveAndUncut: When I say Tainted I don't necessarily mean hoe or scandalous. It could be a number of things.	0
@BoneSaw00 There's a reason why the Yankees don't want Anderson any longer.	0
8220@BetterAreTulips: girls are fucking retarded my back started cramping up man8221 it's the double d's	1
RT @omfgarsal: hoes be like "i'm a virgin". http://t.co/NriPMCPnge	1
RT @BeardedBearsMan: @007BearDownJedi The AFL now has an American draft system BearBrother! Couple of Yanks are on the playing lists at so8230	0
Use to trap them birds now I'm fly like a birdddd	0
@Ant_Dgk @Buckm00se @ChainskiBum would this faggot survive in TJ?	1
RT @AlmightyAlijah: Told yo bitch get on her knees I don't want no sex128526128175	1
@DoubleAIV just watch bitch nigga u gonna want the whole team dead	1
This no beef thing is for the birds!!!	0
"@babineaux_: I don't got no type. Bad bitches is the only thing I like" *Iongotnotype	1
Lmaoooooo lil Dave you a hoe for that	1
Good day honkies. ...I said GOOD DAY! ...honkies.	0
Truth be told ...that's all my pussy 128175	1
I can't argue with a bitch over a nigga...	1
I love me some chunky babies 128525128525	0
RT @fabulousanimals: A monkey with a mustache by Thomas Kienzle http://t.co/J5PA2BoU23	0
this bitch said "Bookie spend the night with me for a week" Wait.. what? you got me fucked up lol	1
Catch me on the episode of Vampire Diaries tomorrow night. I bitch slap @KatGraham	1
Smoke sesh niggah what u mean	1
RT @GabrielaAngela4: That hoe wanta 6/6.	1
My nig said he don't see the differences between pornos and monster ball.... My face 128551	1
8220@meezytk_: "Go text your other hoes"Me: http://t.co/wC5Tr4UHS68221 @ayostew_	1
RT @SC4K: Getting ready for the annual heart and sole luncheon @RenHotels cle with @EricGordon_CEO http://t.co/UJ721FmsXB	0
@EricBaetsle your a greaser	0
Im back to square one . No bitches .no weed a lotta hang ova	1
@AustinthaIntern Johnny football is trash man. Trash. Lol.	0
STOP texting these hoes good morning!	1
I wish a bitch COULD	1
RT @KingHorseDick: If he tell u that u got some good pussy but he never try to hit again.. what that mean?	1
worst thing a bitch can do 8220@loyalshawn: Bitches main reason for being in another nigga face is to get they nigga jealous . 128078 Wack .8221	1
I know I'm a hillbilly but is there anything better than a big pot of beans and cornbread? Little hot sauce on top.	0
Bout to put me some hoes on backpage .. Try my pimp hand out! 128526128075128162	1
RT @YoungDG_: Thats yo bitch she my bitch too	1
RT @BrandonTierney: Crooked number followed by shut down frame love it. Yankees	0
@StudlyDubly Eat my pussy!	1
@REM_2014 biiiiiiiitch don't start with this again haha my niggggg grandma come over hoe!! If ya want I'll try to scoop ya up today if ya	1
@Crewz76 I miss Tupac rap offs hillbilly	0
@Adrian1_knowsu 975765039no ghetto names 128581	0
Why do theteabaggers like this bald asshole complain about how long a bill is? Should we just draw you morons pictures. morningjoe	1
128553128553128514128557128557 RT @Eb_Reloaded: @11wdNICK @KingHov1313 swear to God bitch I'm bouta delete my twitter account http://t.co/YPi52s4dtC	1
RT @KyleKallgren: You can't please everyone. And you shouldn't. Nothing good comes from having people who say "faggot" as an insult on your8230	1
RT @versaceezy: if we date u don't even gotta worry bout me talking to other hoes cus I ain't got any	1
RT @NerdistDotCom: Forget your typical graduation speech. Charlie Day manages to be hilarious AND inspirational in today8217s MIFVOTD: http://8230	0
After you get good pussy you be feelin like you just found the last dragon ball..	1
Legion of jig 128557128557128557	0
@WORSTRAPLYRlCS Everything Jay-Z writes is trash.	0
@HeilSidious @DevilGrimz So can we just let this faggot in already before he cries himself to sleep	1
When people igg my text they get aired out in my head all types of bitches an dickheads 128514	1
RT @NDFootball: Winston connects with Greene on the slant across the middle for the score. Ball game is tied 17-17.	0
RT @CHlLDHOODRUINER: she paid $5 to hold the monkey and look what he did 128514128557128553 this monkey real af http://t.co/NgeCuWehHb	0
Jones and Iba241ez are out of gas after giving it their all earlier in the first half. The call-ups should get more playing time Yankees MLB	0
If anyone wants to bring me a sweet tea to my party.. That'd make my bday perfect.. Well that and cracker barrel 128525128525	0
My hair is trash. I need to put a masque on it.. But that takes so much energy that I don't have.	0
8220@__austinnn: @Satisfied_x 128175 what u did Mr bitches8221 128514 stop calling me that but I balled	1
RT @Hobson_2: That's for the birds.	0
RT @Yaremisxo: 8220@DonQuixtote: @Yaremisxo then how yall got here b8221 stfu negro	1
This being single shit is really trash especially when you ain't got nobody to text after midnight	1
RT @L1LDebbie: I'm your bitch down for whatever	1
RT @NerdLifeThuggin: Skin Diamond really was the last champion for ebony porn. Everything else is kinda trash now.	0
RT @RealTimeWWII: 6000 people/day now being deported from Warsaw ghetto packed into cattle cars for rail trip to Treblinka death camp. htt8230	0
RT @Savage_Glam: Idk if @IGGYAZALEA is really a man but she surely is a trash rapper.	0
@italian_montana OUUUUUFFFFF you will see pussy	1
I would like to test and see how long your tongue really is my lady. [eggplant emoji] @Tinashe	0
RT @DAiiNUH: girls with six packs are scary..... just have a flat stomach that's hot enough.... ripped bitches are scary looking.	1
RT @TERA1PATRICK: I'm happy for the bung holes and negativity desperate guys spew on here 128077a GOOD example of WHAT not to be and what I don'8230	1
8220@HarrysBoyLouis: gtgt Homecoming in 2 days ltlt http://t.co/M6r2lWAFRV8221Bet u didn't even have a date bitch I just went and say in the corner	1
RT @breebree1731: What a bitch.	1
@PCMag Overpriced complete trash. Not even debatable.	0
Lmao RT @MoeMartin44 The in soles in Reebok Classics can't even handle the diabetic weight Rick Ross holds	0
glad to know you were just a hoe looking for all the attention GladYoureGone	1
RT @FeinsandNYDN: Yankees acquire Chase Headley from the Padres for Yangervis Solarte and Rafael DePaula.	0
@ABC its time. amend 14th amendment it was written to protect newly freed ex slaves. Its lived its purpose. time to end anchor baby loophole	0
Like my momma said don't waste yo time on plzing des fake ass bitches and bum ass dudes cause they ain't gone get u nowhere but pregnant and	1
Killing it at home! 127936 NBA pacers indiana paulgeorge hoosiers basketball hashtag winning http://t.co/2qwEPnUx	0
RT @UFGatorFamily: Incase any hillbillies try to roast... 128010128010 http://t.co/LJ168KTccp	0
RT @KMURDER1000: How am i suppose to ride for you128107 ? and you got bitches ina back seat 128109128111128581	1
@_BradleyC skate 2 trash :(:( skate 3 had goat DLC	0
glenladen got life flight to osu and they are saving him don't mess with the birds RESPECT	0
@fairflattaxnow @Morning_Joe @JoeNBC hey teabagger the law made it a FELONY to keep and collect the records. Get your facts straight	0
Messi is thinking  "Ronaldo is such a bitch couldn't even make it out his group" ahaaaaa	1
8220@_heyshelby: Bitch I'm on bitch I'm on my griiind8221 thug luuuuuuv	1
I found your arm in that trash receptacle and your leg in the mud down by that stream.You should consider keeping better track of your limbs	0
RT @crazygirlgab: Just eating animal crackers in sacrament! 17AndLovinIt	0
You just caught this bitch cheatin while you at work shes with some dude tryin to get off? FUCK slittin her throat CUT THIS BITCH'S HEAD OFF	1
RT @iH8TvvitterHoes: Kim K got bitches thinkin being a hoe is a career with health care benefits	1
RT @BossyDiva__: Come get yo hoe	1
it's so weird outside. it's like yellow.	0
@hoes 9829	1
after the steelers lost the superbowl i loaded up the black and yellow gmix on my moms computer i think the youtube page is still open	0
so uncivilized	0
8220@Nelly_Flexin: Y'all bitches switch a roo niggas !!!8221128064128064 who the hell	1
"@HoskinsTy96: White boy power bitch" black power bitch	1
RT @RIPTheOGKooLAiD: Females will mess with a guy who has a girlfriend but won't mess with a single guy cause he has "too many hoes"	1
@Krbfarms @Cornfrmr Homemade Angel Food yellow cake with half-inch chocolate frosting Devil's Food to die for Pecan Pie	0
Damn Karlie Redd now all these hoes done seen your man junk	1
@oliviagobert lmao yes I kind of like it it's not that ghetto yet amp they are and then he says "u feel me" 128525128525128557128166	0
RT @weakenednachos: last thought before bed: in '92 we had a "mock election" in 3rd grade and i voted for Perot. maybe i related to his rea8230	0
RT @WayneRoot: Well there's difference between Erick Erickson and me. I've always understood Obama is Muslim Jihadi sympathizer:https://t.8230	0
@McKinseey the grass is greener on the other side of the fence of course it's also a soggy septic field	0
I feel like I should be sad and all that pussy shit but I am just so pissed right now idk what I'm feeling.	1
@yajairab2 im not a nigglet 128532	1
@Iemonaids I'd pop dat lemon for some real pussy.	1
@KenSuttling Yankees beat then in the Grapefruit league the other day.	0
Amo hangs http://t.co/h8UQDrjeCb	0
i need one of these around the world twitter bitches cause these local facebook hoes aint cuttin it lol	1
Mad that it's a pussy gym and full of fuck people	1
@Groovy_Ear straight up your hoes can wait !	1
RT @aekulze: In Hopes of Recruiting More Women ISIS Opens Jihadi Finishing School http://t.co/xlxdfZxS9s @vocativ http://t.co/E3hhzNThrk	0
@djfeds bitch just meet me up here lol	1
I am a Yankee by birth and lived much of my life in north. I see no diff in level of racism @frendafox @melinwy @NoahCRothman	0
@SFGiants trash smh game rigged bumgarner took roids	0
That'd been a ghetto little meal	0
RT @hoes: Emma Watson http://t.co/fGKF5aUklo	0
@JawShoeeAhhh lmao you're a bitch boy	1
@Marlon_N_Gaines I am brown while you are black and ignorant your stupidity makes me sick typical thug looking nigger.	1
RT @milesfan79: fridayfaves RT @OneBillionBucks This bitch is dressed for church the club the gym and to slay vampires 128514 http://t.co/l78230	1
RT @OTRAUpdates2015: Rumours that the boys will be touring around the world for OTRA Tour and it will end in the UK/Ireland as a welcome ho8230	0
To be clear I don't think there's any chance Krug leaves for Russia. But it's fun to mock the speculation.	0
RT @ArlisDoNotChill: This bitch played too much Subway Surfer http://t.co/BK5UnHQO3z	1
I want some monkey bread 128553128588	0
I miss my fag friends	1
These bitches really be out here on backpage hoe-ing 128557128557128557 watch yo bitch she could be on there !	1
Is Hillary the 8216dodo bird8217 candidate? http://t.co/YfUbgwQ4tw via @worldnetdaily	0
RT @_shorrtstop: If you still put your pride in front of your feelings .. Then yes bitch your still childish	1
@SAULSOF1LTHY pussy boi	1
Charlie and Ron has constantly put out heat for their entire careers	0
When I be that pussy I be calling you my Bitch.	1
@kieffer_jason meet up then and stop hitching out and back your words up pussy	1
"@scallynikelad: 8220@sleazytwinks: So hot!! RT @opcinjen: Lick it bitch http://t.co/JLoUkqDcOM8221" fuck yeah. Eat that trainer u dirty fucker	1
@O_ShitItsLaura haha because I'm too cool for them hoes lmao jk I got reported supposedly that I was a fake account 128554	1
Dhugga Dhugga baby D H U G E R kiss a nigga bitch perfect no CPR 128068	1
Photo: Rest in peace to these bad boys  some bad advise made me let some old asian dude re glue the sole... http://t.co/uPRjY6n48K	0
RT @AlexDavisRaps: "Pacer" is short for pussy	1
8220@Banqq_Jayy: "@1Jayee: 8220@ItsKeeJay: I can't remember all the girls I've smashed 1285631285848221 On God.128588"hoe shit8221 Not technically it takes 999665039.	1
RT @JC2theQ: Yanks walk off win 128591	0
RT @KingMiller_: The top comeback for when you call a nigga ugly. 1. "I still pull more hoes than you."	1
RT @SUPERi0R_422: My daddy told me not to date a man with soft hands lol... Either he doesn't do hard labor or he's a "faggot".	1
Madea and this old hillbilly are hilarious together.	0
Let these hoes be hoes. Thats all we know	1
People who chose the country over the City are miserable trash. They deserve neither respect nor consideration. They are less than scum.	0
I have a feeling tonight will be trash.	0
Get this bitch off my TV bruh	1
RT @AIIAmericanGirI: 127482127480FEC May Yank 1st Amendment Guards for Drudge Rest of Internet https://t.co/pVe5nNAOkV wiunion	0
Maybe @barackobama is colored blind with his 'red lines' and all. Tough talk no walk. tcot	0
RT @prolongshop: LED Christmas decor Lights 10m 33ft 100 LED Fairy string Light for Outdoor/Indoor http://t.co/2ew0jjhB6n	0
RT @Yankees: Remember when we paused an All-Star Game to honor Mariano Rivera? tbt http://t.co/PqEDosogLo	0
@King_Albert21 @Ceto_13 ha ha look what this fag said lol	1
@Toetancchamon Wilde nog even checken op Twitter hoe het ging maar had zo'n heftige wond niet verwacht heftig. Sterkte amp beterschap hoor!	1
RT @KatiePavlich: Charlie Crist doesn't have any more political parties to join but he could become a spokesman for a fan company.	0
RT @TAXSTONE: Y'all bitches sending inviatations to the wolves than get mad when they at ya door	1
RT @JStac825: There's coon classic (R. Kelly Usher) and then there's classic (Stevie Wonder Prince). Not that there's anything wrong with8230	0
RT @SunnyIgnant: Just a week ago yall hoes wasn't sucking dick now yall all pros at it huj	1
Even though Lil Wayne's music has turned into trash No Ceilings and I Am Not A Human Being will always be my favorites.	0
@RealSkipBayless man what about Wilson being the 2nd Black QB to win a chip? Talkn about trash talk. No shine for Russell..	0
RT @Factsionary: Pink "albino" dolphins are extremely rare but do exist in the wild. http://t.co/gWyLpgC9lP	0
@ChaldeanCutie really? @RileyAintShit @KILLSheredon @CHILDISHCUDl are my nudes trash?	0
RT @dami3n00: Flappy birds Extreme now you can play two birds at once! Hardcore! Easier with two people lol!  http://t.co/yCTT56cXK5 f8230	0
@pubsubs @Adessences @tzanchan86 btw genocide isn't war. The people of Gaza are no more combatants than the people of the Warsaw ghetto.	0
RT @Ilovebamf: Like no bitch you didn't make the cut.128075128129	1
@walterthecat121 @GalliumRBLX how is it being colored blind?	0
8220@badnradbrad: @whattheflocka @MorbidMermaid sydneys my favorite8221 she's a nigger but I love her	1
@alexrice_ wow your like 3 years late bitch	1
I'm fine af in that hoe	1
It's a sad sad day when a bitch loses her sponsor	1
RT @5SOS: It's the best thing ever driving past crowds of people at shows and seeing bandannas coloured hair 5sos shirts that you've made o8230	0
RT @paul_lander: Charlie Sheen is engaged to a porn star. I can't be the only one thinking she can do a lot better.	0
RT @navy8r: "@Sierra0559: Hey @BarackObama  the jig is up. Even democrats are through with you. ReasonToExitAnObamaSpeech" dems are raci8230	0
RT @ItsKiaraaaa: 8220@WestYourMajesty: Kiara has small chubby fingers8221 bitch 128514128514128514128514	1
People who don't put their blinkers on seriously just need to crash into a pole or something 128548 moveoutmywaybitch	0
No wonder these ppl that call themselves niggas amp thugs able to convince their hoes false ideas about men like me in our intellectual dress	1
RT @OhWowThatsAwk: a girl tweeted "you might be ghetto if u bring food from outside into the movies"no u might be stupid if u pay 4.99 fo8230	0
Sheehey back door cuts still go un guarded! IU HoosierHoops hoosiers	0
@AceHudsonJr bitches tryna take all my money g.	1
International police operation disrupts Shylock banking Trojan - Computerworld: The GuardianInternational poli... http://t.co/zIBNJMIILJ	0
Oreos and coffee for brunch. I do what I want!	0
RT @gnuts_2: RT"@Ashspeaks_: To these hoes I'm everything"	1
@supasaiyansarah haha same here bitch is trippin brokeass	1
You must be retarded 8220@YahAriah: 8220@septicaIs: Quote with a thirst trap 1285208221128069128069128069 http://t.co/qPZx198vNt8221	1
RT @alexis_mahnal: 128557128557@iDntWearCondoms: If I cum on your pussy don't be tryna rub it in like they do in the pornos cuz if u get pregnant tha8230	1
@Pepper_Redbone @Yankees Just getting in! I hope so. Cause they stunk it up last night.	0
@Claudialena8 she wasn't saying she did but yes me and Kannon have both been in the ghetto and know what it's like so u look dumb.	0
RT @NormSanders: I much prefer this classic blue and yellow Rams uniform to anything we've seen since that magical year. Not even close st8230	0
What barrel of trash doesn't smell as bad? RT @Jay_F5 Imagine Dragons or Nickelback?	0
Yoh brownie had me fukd up high last night	1
@ThatAssholeAlan nick background my nigger	1
Beans that were yellow before Friday night are brown now-a few green leaves curled-frost but not freeze-bean size reduced - top end shrinks	0
You you can't get no money silly hoe	1
If I ever committ a crime you can cite LVL as being the sole influence.	0
RT @OutTheOrdinary1: @P0WERS_ @eGoaTizM @Blaztful powers U don't go outside ur tanks been on full for 2 months U anti social monkey	0
@richiechristie1 I should've 128553 that bitches wallet was tigher than her pu$$y	1
Stupid bitches.	1
@YessMe_SHAY I want my poms back lmfao	0
They got David taking out the trash 128514128514128514128514	0
The African Goshawk (Accipiter tachiro) is a species of bird of prey in the Accipitridae family. fou http://t.co/t9xi8IWocs	0
@monicawarren16 pumprules is on bravo...quality trash	0
@DiggzTBLB  bitch.. What? http://t.co/OcsuDvN5hy	1
RT @ComedianSpank: I went to college Every college got a bird class where u can get ya friend to sign u in amp get an A out the class Rashad 8230	0
@BloodOfJupiter yeah...bitch!	1
RT @CallMeRenee_: 8220@1inkkofrosess: @CallMeRenee_ wussup bitch8221nun finna take it in	1
@TODDIE_soPLAYER well since you is blood you get a G pass but only this time and I won't tell wop about that lyric situation	0
This pussy dryer than yours... RT @LoyalLamb85: Drier vs. Dryer :(	1
bitch don't run to the neighbor he's dead too	1
RT @vickstar_isabel: "@kyleighhmariee: 8220@TezCapone: My type a bitch 128525128525128553 https://t.co/Bz4yBovcfl8221"Lmao yass	1
"Mam Ren233e doet in haar rol net of ze ongesteld is Wat is ongesteld?" Van dat soort vragen waar je denkt: hoe leg ik die weer uit.	0
one man's trash is another man's wife.	0
This target is ghetto but whatever	0
Call dat bitch... http://t.co/p50wtGrz8a	1
My doctors office is retarded "we noticed you put in a prescription order so we canceled it. Give us a call if you need a refill thanks!"	0
RT @madi_judkins: When you look like trash and someone compliments you http://t.co/FzuXlPCMpV	0
RT @oddfuckingtaco: Damn I hate a bitch that like to argue and shit	1
RampB is so trash now compared to early 2000's.	0
IU should make me an honorary student id be way cooler than the other international students. i have my own football card! hoosiers	0
@MSoltan18 @Jordan23Junkies it's supposed to be grey with speckled blue midsole and the soles are more yellow than icy so pass	0
Thank you Charlie @Charlie4927 @StacyDmomof5 @cantUCIMblonde @RevkahJC @PattiSM74 @Kacado	0
i get what that girls point seems to be but colored people died during the holocaust and 9/11. ((if that's a picture of the holocaust idk))	0
@TOnycranshaw22 that bitch bouta be ZOOTED	1
@elchavaloko @Buckm00se yeah sorry monkey team just keeps kicking ppl waiting for muh pizza	0
Got to 18 on flappy bird...	0
butt chug 4lokos or nah	1
It the principle of the matter bitch! 128581	1
@GDuenez ur one to talk bitch	1
@Ants_SNEweather Well you got to see pom-pom Pete	0
Niggas cry when they get hit high and cry when they get hit low. NFL full of pussies now	1
Put the weights back on the rack bitch!! Smdh lol Dick Chaney's! http://t.co/pThwskJhdY	1
Sgp still in bitches dms	1
Money has bin on my mind lately so I think its time to leave the hoes alone and get with the program 128176	1
If you arent going to stick to one garbage can for recycling Im not going to give a single fuck about where Im putting my trash.	1
RT @PizzaBeforeHoes: Move dat muscle hoe 128548 "Tell me watchu mad foe"128170128514 https://t.co/wlvTLgGDPg	1
Even these pretty bitches mad self conscious if that Instagram pic don't get enuff love it gets takendown	1
Cheer up Charlie.	0
I don't care how hot a bitch is if her personality is shit shes shit.	1
@Naezus even this piss colored @The_Paradox piece of shit bought a one. Smh I hate you now	1
RT @hiagokoury: Lmao what my nigga just told me 128514128514128514hoes these days... They lovin the crew gd	1
@thejokerxo yes!!! I love the hair on her pussy...lol	1
RT @maycie32: @Whitecholo23 np big nig nig	0
RT @braidedcocks: @veryproudofya @poppunksucks well now I'm crying like a little bitch	1
Can't tell if Mexico has been impressive or if Brazil has just been trash today	0
n I cant even enjoy the reg House Hunters which is 1 of my fav shows..because I know House Hunters International bitch ass comes on next	1
Lmaoo 8220@LeanandCuisine: Bad bitch: Can I hit that?"You matching or.....?"Bad bitch: *bats eyelashes*".........are you matching or?"8221	1
RT @TomArnold: Boy went trick or treating at Charlie Sheen's. Dada not jealous cause all Charlie gave out was really good candy and by cand8230	0
@FvckMike_ bro this bitch really stood there and was like you gonna give me my penny?	1
RT @ThinkingOfJacob: So I took a 1000 pictures with him and he ate all the brownies I made but he's the new homie @macdemy http://t.co/cZeO8230	0
Eating brownies and then going to the gym... Idk	0
Women stay bragging about their mans penis and wonder why your friend fucked him....smh ....silly silly hoe.	1
Posted a new song: ""guala"" http://t.co/jq3RB6gyQh music	0
RT @ryandolan123: when people say coloured http://t.co/2lKUkctPf0	0
Who is John Hanson? A "Black" Man A Moor John Hansonwas the First President of the United States! George... http://t.co/rpSeqjD3	0
Man in zebra print dress robs bank http://t.co/3xaPAYzbge	0
